1,17,124 Spider
2,17,500
3,17,500C
4,17,595
5,17,595 Competizione
6,17,595 Turismo
7,17,595C
8,17,695
9,17,695C
10,17,Grande Punto
11,17,Punto Evo
12,17,Turismo
13,18,MDX
14,18,NSX
15,18,RL
16,18,RSX
17,18,TL
18,18,TSX
19,19,City
20,19,Crossline
21,19,Roadline
22,19,Scouty R 
23,20,4C
24,20,8C
25,20,Alfa 33
26,20,Alfa 75
27,20,Alfa 90
28,20,Alfa 145
29,20,Alfa 146
30,20,Alfa 147
31,20,Alfa 155
32,20,Alfa 156
33,20,Alfa 159
34,20,Alfa 164
35,20,Alfa 166
36,20,Alfasud
37,20,Alfetta
38,20,Brera
39,20,CrossWagon
40,20,Giulia
41,20,Giulietta
42,20,GT
43,20,GTV
44,20,Junior
45,20,Mito
46,20,RZ/SZ
47,20,Spider
48,20,SportWagon
49,20,Sprint
50,20,Stelvio
51,21,B3
52,21,B4
53,21,B5
54,21,B6
55,21,B7
56,21,B8
57,21,B10
58,21,B12
59,21,D3
60,21,D4
61,21,D5
62,21,D 10
63,21,Roadster S
64,21,XD3
65,21,XD4
66,22,Atom
67,23,Rocsta
68,24,AR1
69,24,Cygnet
70,24,DB
71,24,DB7
72,24,DB9
73,24,DB11
74,24,DBS
75,24,DBX
76,24,Lagonda
77,24,Rapide
78,24,V8
79,24,V8 Vantage
80,24,V12 Vanquish
81,24,V12 Vantage
82,24,Vanquish
83,24,Vantage
84,24,Virage
85,24,Volante
86,1,80
87,1,90
88,1,100
89,1,200
90,1,A1
91,1,A2
92,1,A3
93,1,A4
94,1,A4 allroad
95,1,A5
96,1,A6
97,1,A6 allroad
98,1,A7
99,1,A8
100,1,Allroad
101,1,Cabriolet
102,1,Coupe
103,1,e-tron
104,1,Q1
105,1,Q2
106,1,Q3
107,1,Q4
108,1,Q5
109,1,Q7
110,1,Q8
111,1,Quattro
112,1,R8
113,1,RS2
114,1,RS3
115,1,RS4
116,1,RS5
117,1,RS6
118,1,RS7
119,1,RSQ3
120,1,RSQ8
121,1,S1
122,1,S2
123,1,S3
124,1,S4
125,1,S5
126,1,S6
127,1,S7
128,1,S8
129,1,SQ2
130,1,SQ5
131,1,SQ7
132,1,SQ8
133,1,TT
134,1,TT RS
135,1,TTS
136,1,V8
137,30,Arnage
138,30,Azure
139,30,Bentayga
140,30,Brooklands
141,30,Continental
142,30,Eight
143,30,Flying Spur
144,30,Mulsanne
145,30,Turbo R
146,30,Turbo RT
147,30,Turbo S
148,2,1 M Coupe
149,2,1er M Coupe
150,2,114
151,2,116
152,2,118
153,2,120
154,2,123
155,2,125
156,2,130
157,2,135
158,2,2er Gran Coupe
159,2,214 Active Tourer
160,2,214 Gran Tourer
161,2,216
162,2,216 Active Tourer
163,2,216 Gran Tourer
164,2,218
165,2,218 Active Tourer
166,2,218 Gran Tourer
167,2,220
168,2,220 Active Tourer
169,2,220 Gran Tourer
170,2,225
171,2,225 Active Tourer
172,2,225XE
173,2,228
174,2,230
175,2,235
176,2,315
177,2,316
178,2,318
179,2,318 Gran Turismo
180,2,320
181,2,320 Gran Turismo
182,2,323
183,2,324
184,2,325
185,2,325 Gran Turismo
186,2,327
187,2,328
188,2,328 Gran Turismo
189,2,330
190,2,330 Gran Turismo
191,2,335
192,2,335 Gran Turismo
193,2,340
194,2,340 Gran Turismo
195,2,ActiveHybrid 3
196,2,418
197,2,418 Gran Coupe
198,2,420
199,2,420 Gran Coupe
200,2,425
201,2,425 Gran Coupe
202,2,428
203,2,428 Gran Coupe
204,2,430
205,2,430 Gran Coupe
206,2,435
207,2,435 Gran Coupe
208,2,440
209,2,440 Gran Coupe
210,2,518
211,2,520
212,2,520 Gran Turismo
213,2,523
214,2,524
215,2,525
216,2,528
217,2,530
218,2,530 Gran Turismo
219,2,535
220,2,535 Gran Turismo
221,2,540
222,2,545
223,2,550
224,2,550 Gran Turismo
225,2,ActiveHybrid 5
226,2,620 Gran Turismo
227,2,628
228,2,630
229,2,630 Gran Turismo
230,2,633
231,2,635
232,2,640
233,2,640 Gran Coupe
234,2,640 Gran Turismo
235,2,645
236,2,650
237,2,650 Gran Coupe
238,2,725
239,2,728
240,2,730
241,2,732
242,2,735
243,2,740
244,2,745
245,2,750
246,2,760
247,2,ActiveHybrid 7
248,2,128
249,2,840
250,2,850
251,2,1502
252,2,1602
253,2,2002
254,2,i3
255,2,i4
256,2,i8
257,2,iX
258,2,iX3
259,2,M1
260,2,M2
261,2,M3
262,2,M4
263,2,M5
264,2,M6
265,2,M8
266,2,M135
267,2,M140i
268,2,M235
269,2,M240i
270,2,M340i
271,2,M550
272,2,M760
273,2,M850
274,2,Z4 M
275,2,X7 M
276,2,ActiveHybrid X6
277,2,X1
278,2,X2
279,2,X3
280,2,X3 M
281,2,X3 M40
282,2,X4
283,2,X4 M
284,2,X4 M40
285,2,X5
286,2,X5 M
287,2,X5 M50
288,2,X6
289,2,X6 M
290,2,X6 M50
291,2,X7
292,2,Z1
293,2,Z3
294,2,Z3 M
295,2,Z4
296,2,Z8
297,31,BC3
298,31,BS2
299,31,BS4
300,31,BS6
301,32,Chiron
302,32,EB 110
303,32,Veyron
304,33,Century
305,33,Electra
306,33,Enclave
307,33,La Crosse
308,33,Le Sabre
309,33,Park Avenue
310,33,Regal
311,33,Riviera
312,33,Roadmaster
313,33,Skylark
314,34,Allante
315,34,ATS
316,34,BLS
317,34,CT6
318,34,CTS
319,34,Deville
320,34,Eldorado
321,34,Escalade
322,34,Fleetwood
323,34,Seville
324,34,SRX
325,34,STS
326,34,XLR
327,34,XT4
328,34,XT5
329,34,XT6
330,39,2500
331,39,Alero
332,39,Astro
333,39,Avalanche
334,39,Aveo
335,39,Bel Air
336,39,Beretta
337,39,Blazer
338,39,C3 Picasso
339,39,C10
340,39,C1500
341,39,Camaro
342,39,Caprice
343,39,Captiva
344,39,Cavalier
345,39,Chevelle
346,39,Chevy Van
347,39,Citation
348,39,Colorado
349,39,Corsica
350,39,Corvette
351,39,Cruze
352,39,Deluxe
353,39,El Camino
354,39,Epica
355,39,Evanda
356,39,Express
357,39,G
358,39,HHR
359,39,Impala
360,39,K30
361,39,K1500
362,39,Kalos
363,39,Lacetti
364,39,Lumina
365,39,Malibu
366,39,Matiz
367,39,Nova
368,39,Nubira
369,39,Orlando
370,39,Rezzo
371,39,S-10
372,39,Silverado
373,39,Spark
374,39,SSR
375,39,Suburban
376,39,Tahoe
377,39,Trailblazer
378,39,Trans Sport
379,39,Traverse
380,39,Trax
381,39,Uplander
382,39,Venture
383,39,Volt            
384,40,Ceo
385,40,Gonow
386,40,Noble
387,40,Ufo
388,41,300 M
389,41,300C
390,41,Aspen
391,41,Crossfire
392,41,Daytona
393,41,ES
394,41,Grand Voyager
395,41,GS
396,41,GTS
397,41,Imperial
398,41,Le Baron
399,41,Neon
400,41,New Yorker
401,41,Pacifica
402,41,PT Cruiser
403,41,Saratoga
404,41,Sebring
405,41,Stratus
406,41,Valiant
407,41,Viper
408,41,Vision
409,41,Voyager
410,3,2 CV
411,3,AMI 8
412,3,AX
413,3,Berlingo
414,3,BX
415,3,C1
416,3,C2
417,3,C3
418,3,C3 Aircross
419,3,C3 Picasso
420,3,C3 Pluriel
421,3,C4
422,3,C4 Aircross
423,3,C4 Cactus
424,3,C4 Grand Picasso
425,3,C4 Picasso
426,3,C4 SpaceTourer
427,3,C5
428,3,C5 Aircross
429,3,C6
430,3,C8
431,3,C15
432,3,C-Crosser
433,3,C-Crossover
434,3,C-Elysee
435,3,C-Zero
436,3,CX
437,3,DS
438,3,DS4
439,3,DS5
440,3,DS-3
441,3,E-MEHARI
442,3,Evasion
443,3,Grand C4 Picasso
444,3,GSA
445,3,Jumper
446,3,Jumpy
447,3,LN
448,3,Nemo
449,3,Nemo Combi
450,3,Saxo
451,3,SM
452,3,SpaceTourer
453,3,Visa
454,3,Xantia
455,3,XM
456,3,Xsara
457,3,Xsara Picasso
458,3,ZX
459,43,C1
460,43,C2
461,43,C3
462,43,C4
463,43,C5
464,43,C6
465,43,C7
466,43,Z06
467,43,ZR 1
468,44,Arona
469,44,Ateca
470,44,Formentor
471,44,Ibiza
472,44,Leon
473,44,Tavascan
474,45,City Cross
475,45,dr 1
476,45,dr 2
477,45,dr 3
478,45,dr 4
479,45,dr 5
480,45,dr 5.0
481,45,dr 6
482,45,dr Evo
483,45,dr Evo5
484,45,dr F35
485,45,dr Zero
486,46,DS3
487,46,DS4
488,46,DS5
489,46,DS7
490,47,Dokker
491,47,Duster
492,47,Jogger
493,47,Lodgy
494,47,Logan
495,47,Logan MCV
496,47,Logan Pick-Up
497,47,Pick up
498,47,Sandero
499,47,Spring
500,48,Espero
501,48,Evanda
502,48,Kalos
503,48,Korando
504,48,Lacetti
505,48,Lanos
506,48,Leganza
507,48,Matiz
508,48,Musso
509,48,Nexia
510,48,Nubira
511,48,Rezzo
512,48,Tacuma
513,49,Applause
514,49,Charade
515,49,Charmant
516,49,Copen
517,49,Cuore
518,49,Delta
519,49,Feroza/Sportrak
520,49,Freeclimber
521,49,Gran Move
522,49,Hijet
523,49,Materia
524,49,Move
525,49,Rocky/Fourtrak
526,49,Sirion
527,49,Terios
528,49,Trevis
529,49,YRV
530,50,Guara
531,50,Pantera
532,51,Avenger
533,51,Caliber
534,51,Challenger
535,51,Charger
536,51,Dakota
537,51,Dart
538,51,Demon
539,51,Durango
540,51,Grand Caravan
541,51,Hornet
542,51,Journey
543,51,Magnum
544,51,Neon
545,51,Nitro
546,51,RAM
547,51,Stealth
548,51,Viper
549,52,Limo GT
550,52,Vendo GT
551,53,High speed
552,53,Low speed
553,55,208
554,55,246
555,55,250
556,55,275
557,55,288
558,55,296 GTB
559,55,308
560,55,328
561,55,330
562,55,348
563,55,355
564,55,360
565,55,365
566,55,400
567,55,412
568,55,430
569,55,456
570,55,458
571,55,458 Italia
572,55,488
573,55,488 GTB
574,55,488 Pista
575,55,488 Spider
576,55,512
577,55,550
578,55,575
579,55,599
580,55,599 GTB
581,55,599 GTO
582,55,599 SA Aperta
583,55,612
584,55,750
585,55,812
586,55,California
587,55,Daytona
588,55,Dino
589,55,Dino GT4
590,55,Enzo Ferrari
591,55,F8
592,55,F12
593,55,F40
594,55,F50
595,55,F355
596,55,F360
597,55,F430
598,55,F550
599,55,FF
600,55,GTC4Lusso
601,55,LaFerrari
602,55,Mondial
603,55,Portofino
604,55,Roma
605,55,SF90
606,55,Superamerica
607,55,Testarossa
608,4,124
609,4,124 Spider
610,4,126
611,4,127
612,4,128
613,4,130
614,4,131
615,4,500
616,4,500L
617,4,500L Cross
618,4,500L Living
619,4,500L Trekking
620,4,500L Urban
621,4,500L Wagon
622,4,500S
623,4,500X
624,4,600
625,4,Albea
626,4,Barchetta
627,4,Brava
628,4,Bravo
629,4,Cinquecento
630,4,Coupe
631,4,Croma
632,4,Dino
633,4,Doblo
634,4,Ducato
635,4,Fiorino
636,4,Freemont
637,4,Fullback
638,4,Grande Punto
639,4,Idea
640,4,Linea
641,4,Marea
642,4,Marengo
643,4,Multipla
644,4,New Panda
645,4,Palio
646,4,Panda
647,4,Punto
648,4,Punto Evo
649,4,Qubo
650,4,Regata
651,4,Ritmo
652,4,Scudo
653,4,Sedici
654,4,Seicento
655,4,Siena
656,4,Spider Europa
657,4,Stilo
658,4,Strada
659,4,Talento
660,4,Tempra
661,4,Tipo
662,4,Topolino
663,4,Ulysse
664,4,Uno
665,4,X 1/9
666,56,Karma
667,5,Aerostar
668,5,B-Max
669,5,Bronco
670,5,C-Max
671,5,Capri
672,5,Cortina
673,5,Cougar
674,5,Courier
675,5,Crown
676,5,Econoline
677,5,Econovan
678,5,EcoSport
679,5,Edge
680,5,Escape
681,5,Escort
682,5,Excursion
683,5,Expedition
684,5,Explorer
685,5,Express
686,5,F 100
687,5,F 150
688,5,F 250
689,5,F 350
690,5,Fairlane
691,5,Falcon
692,5,Fiesta
693,5,Flex
694,5,Focus
695,5,Focus C-Max
696,5,Fusion
697,5,Galaxy
698,5,Granada
699,5,Grand C-Max
700,5,Grand Tourneo
701,5,GT
702,5,Ka
703,5,Kuga
704,5,LTD
705,5,Maverick
706,5,Mercury
707,5,Modell T
708,5,Mondeo
709,5,Mustang
710,5,Mustang Mach-E
711,5,Orion
712,5,Probe
713,5,Puma
714,5,Ranger
715,5,Raptor
716,5,S-Max
717,5,Scorpio
718,5,Sierra
719,5,Sportka
720,5,Streetka
721,5,Taunus
722,5,Taurus
723,5,Thunderbird
724,5,Tourneo
725,5,Tourneo Connect
726,5,Tourneo Courier
727,5,Tourneo Custom
728,5,Transit
729,5,Transit Connect
730,5,Transit Courier
731,5,Transit Custom
732,5,Windstar
733,59,Acadia
734,59,Envoy
735,59,Safari
736,59,Savana
737,59,Sierra
738,59,Sonoma
739,59,Syclone
740,59,Terrain
741,59,Typhoon
742,59,Vandura
743,59,Yukon   
744,61,Sonique
745,64,Accord
746,64,Aerodeck
747,64,Civic
748,64,Clarity
749,64,Concerto
750,64,CR-V
751,64,CR-Z
752,64,CRX
753,64,e
754,64,Element
755,64,FR-V
756,64,HR-V
757,64,Insight
758,64,Integra
759,64,Jazz
760,64,Legend
761,64,Logo
762,64,NSX
763,64,Odyssey
764,64,Pilot
765,64,Prelude
766,64,Ridgeline
767,64,S 2000
768,64,Shuttle
769,64,Stream
770,65,H1
771,65,H2
772,65,H3
773,6,Accent
774,6,Atos
775,6,Avante
776,6,Azera
777,6,Bayon
778,6,Coupe
779,6,Creta
780,6,Elantra
781,6,Equus
782,6,Excel
783,6,Galloper
784,6,Genesis
785,6,Getz
786,6,Grand Santa Fe
787,6,Grandeur
788,6,H 100
789,6,H 200
790,6,H 300
791,6,H 350
792,6,H-1
793,6,Highway
794,6,i 10
795,6,i 20
796,6,i 30
797,6,i 40
798,6,i 50
799,6,i 800
800,6,Ioniq
801,6,Ioniq 5
802,6,ix20
803,6,iX35
804,6,ix55
805,6,Kona
806,6,Lantra
807,6,Matrix
808,6,Nexo
809,6,NF
810,6,Pony
811,6,Porter
812,6,S-Coupe
813,6,Santa Fe
814,6,Santamo
815,6,Solaris
816,6,Sonata
817,6,Sonica
818,6,Starex H-1
819,6,Staria
820,6,Stellar
821,6,Terracan
822,6,Tiburon
823,6,Trajet
824,6,Tucson
825,6,Veloster
826,6,Veracruz
827,6,Verna
828,6,XG 30
829,6,XG 250
830,6,XG 350
831,66,Andere
832,66,EX30
833,66,EX35
834,66,EX37
835,66,FX
836,66,G35
837,66,G37
838,66,M30
839,66,M35
840,66,M37
841,66,Q30
842,66,Q45
843,66,Q50
844,66,Q60
845,66,Q70
846,66,QX30
847,66,QX50
848,66,QX56
849,66,QX60
850,66,QX70
851,66,QX80
852,68,Campo
853,68,D-Max
854,68,Gemini
855,68,Midi
856,68,Pick up
857,68,Trooper
858,69,Massif
859,70,240
860,70,340
861,70,Daimler
862,70,E-Pace
863,70,E-Type
864,70,F-Pace
865,70,F-Type
866,70,I-Pace
867,70,MK
868,70,MK II
869,70,S-Type
870,70,X-Type
871,70,XE
872,70,XF
873,70,XJ
874,70,XJ6
875,70,XJ8
876,70,XJ12
877,70,XJ40
878,70,XJR
879,70,XJS
880,70,XJSC
881,70,XK
882,70,XK 8
883,70,XK 120
884,70,XK 140
885,70,XKR
886,71,Cherokee
887,71,CJ
888,71,Comanche
889,71,Commander
890,71,Compass
891,71,Gladiator
892,71,Grand Cherokee
893,71,Patriot
894,71,Renegade
895,71,Wagoneer
896,71,Willys
897,71,Wrangler
898,74,X-BOW
899,75,Besta
900,75,Borrego
901,75,Carens
902,75,Carnival
903,75,Ceed
904,75,Ceed Sportswagon
905,75,Cerato
906,75,Clarus
907,75,Elan
908,75,EV6
909,75,Joice
910,75,K2500
911,75,K2700
912,75,Leo
913,75,Magentis
914,75,Mentor
915,75,Mini
916,75,Niro
917,75,Opirus
918,75,Optima
919,75,Picanto
920,75,Pregio
921,75,Pride
922,75,ProCeed / pro_cee`d
923,75,Retona
924,75,Rio
925,75,Roadster
926,75,Rocsta
927,75,Sephia
928,75,Shuma
929,75,Sorento
930,75,Soul
931,75,Sportage
932,75,Stinger
933,75,Stonic
934,75,Venga
935,75,XCeed
936,76,Agera
937,76,CCR
938,76,CCXR
939,77,110
940,77,111
941,77,112
942,77,1119
943,77,1200
944,77,2107
945,77,2110
946,77,2111
947,77,2112
948,77,2171
949,77,Aleko
950,77,Forma
951,77,Granta
952,77,Kalina
953,77,Niva
954,77,Nova
955,77,Priora
956,77,Samara
957,77,Taiga
958,77,Urban
959,77,Vesta
960,77,X-Ray
961,78,Aventador
962,78,Countach
963,78,Diablo
964,78,Espada
965,78,Gallardo
966,78,Huracan
967,78,Jalpa
968,78,LM
969,78,Miura
970,78,Murcielago
971,78,Urraco
972,78,Urus
973,79,Beta
974,79,Dedra
975,79,Delta
976,79,Flaminia
977,79,Flavia
978,79,Fulvia
979,79,Gamma
980,79,Kappa
981,79,Lybra
982,79,MUSA
983,79,Phedra
984,79,Prisma
985,79,Stratos
986,79,Thema
987,79,Thesis
988,79,Voyager
989,79,Ypsilon
990,79,Zeta
991,80,Defender
992,80,Discovery
993,80,Discovery Sport
994,80,Freelander
995,80,Range Rover
996,80,Range Rover Evoque
997,80,Range Rover Sport
998,80,Range Rover Velar
999,80,Series 1
1000,80,Series 2
1001,80,Series 3
1002,81,CV-9
1003,81,S
1004,81,SC2
1005,81,SC4 
1006,82,CT 200
1007,82,CT 200h
1008,82,ES 300
1009,82,ES 330
1010,82,ES 350
1011,82,GS 250
1012,82,GS 300
1013,82,GS 350
1014,82,GS 430
1015,82,GS 450
1016,82,GS 460
1017,82,GS F
1018,82,GX 460
1019,82,GX 470
1020,82,IS 200
1021,82,IS 220
1022,82,IS 250
1023,82,IS 300
1024,82,IS 350
1025,82,IS 460
1026,82,IS-F
1027,82,LC 500
1028,82,LC 500h
1029,82,LFA
1030,82,LS 400
1031,82,LS 430
1032,82,LS 460
1033,82,LS 500
1034,82,LS 600
1035,82,LX 450
1036,82,LX 470
1037,82,LX 570
1038,82,NX 200
1039,82,NX 300
1040,82,RC 350
1041,82,RC F
1042,82,RC 200
1043,82,RC 300
1044,82,RC-F
1045,82,RX450
1046,82,RX 200
1047,82,RX 300
1048,82,RX 330
1049,82,RX 350
1050,82,RX 400
1051,82,SC 400
1052,82,SC 430
1053,82,UX
1054,83,520
1055,84,Ambra
1056,84,Be Sun
1057,84,JS 50
1058,84,JS 50 L
1059,84,JS 60
1060,84,JS RC
1061,84,Nova
1062,84,Optima
1063,84,X - Too
1064,85,Aviator
1065,85,Continental
1066,85,LS
1067,85,Mark
1068,85,Navigator
1069,85,Town Car
1070,86,340 R
1071,86,Cortina
1072,86,Elan
1073,86,Elise
1074,86,Elite
1075,86,Esprit
1076,86,Europa
1077,86,Evora
1078,86,Excel
1079,86,Exige
1080,86,Super Seven
1081,86,V8         
1082,88,222
1083,88,224
1084,88,228
1085,88,418
1086,88,420
1087,88,422
1088,88,424
1089,88,430
1090,88,3200
1091,88,4200
1092,88,Biturbo
1093,88,Ghibli
1094,88,Gran Turismo
1095,88,GranCabrio
1096,88,Gransport
1097,88,GranTurismo S
1098,88,Indy
1099,88,Karif
1100,88,Levante
1101,88,MC12
1102,88,MC20
1103,88,Merak
1104,88,Quattroporte
1105,88,Shamal
1106,88,Spyder
1107,89,57
1108,89,62
1109,89,Pullman
1110,90,2
1111,90,3
1112,90,5
1113,90,6
1114,90,121
1115,90,323
1116,90,626
1117,90,929
1118,90,B 2500
1119,90,B series
1120,90,Bongo
1121,90,BT-50
1122,90,CX 3
1123,90,CX-3
1124,90,CX-5
1125,90,CX-7
1126,90,CX-9
1127,90,CX-30
1128,90,Demio
1129,90,E series
1130,90,Millenia
1131,90,MPV
1132,90,MX-3
1133,90,MX-5
1134,90,MX-6
1135,90,MX-30
1136,90,Premacy
1137,90,Protege
1138,90,RX-6
1139,90,RX-7
1140,90,RX-8
1141,90,Tribute
1142,90,Xedos
1143,91,540C
1144,91,570GT
1145,91,570S
1146,91,600LT
1147,91,620R
1148,91,650S
1149,91,650S Coupe
1150,91,650S Spider
1151,91,675LT
1152,91,675LT Spider
1153,91,720S
1154,91,750S
1155,91,765
1156,91,765LT
1157,91,Artura
1158,91,Elva
1159,91,MP4-12C
1160,91,P1
1161,91,Senna
1162,91,Senna GTR
1163,91,Speedtail
1164,7,170
1165,7,180
1166,7,190
1167,7,200
1168,7,220
1169,7,230
1170,7,240
1171,7,250
1172,7,260
1173,7,270
1174,7,280
1175,7,290
1176,7,300
1177,7,320
1178,7,350
1179,7,380
1180,7,400
1181,7,416
1182,7,420
1183,7,450
1184,7,500
1185,7,560
1186,7,600
1187,7,A 35 AMG
1188,7,A 45 AMG
1189,7,A 140
1190,7,A 150
1191,7,A 160
1192,7,A 170
1193,7,A 180
1194,7,A 190
1195,7,A 200
1196,7,A 210
1197,7,A 220
1198,7,A 250
1199,7,B 150
1200,7,B 160
1201,7,B 170
1202,7,B 180
1203,7,B 200
1204,7,B 220
1205,7,B 250
1206,7,B Electric Drive
1207,7,C 30 AMG
1208,7,C 32 AMG
1209,7,C 36 AMG
1210,7,C 43 AMG
1211,7,C 55 AMG
1212,7,C 63 AMG
1213,7,C 160
1214,7,C 180
1215,7,C 200
1216,7,C 220
1217,7,C 230
1218,7,C 240
1219,7,C 250
1220,7,C 270
1221,7,C 280
1222,7,C 300
1223,7,C 320
1224,7,C 350
1225,7,C 400
1226,7,C 450 AMG
1227,7,CE 200
1228,7,CE 220
1229,7,CE 230
1230,7,CE 280
1231,7,CE 300
1232,7,CE 320
1233,7,Citan
1234,7,CL 55 AMG
1235,7,CL 63 AMG
1236,7,CL 65 AMG
1237,7,CL 160
1238,7,CL 180
1239,7,CL 200
1240,7,CL 220
1241,7,CL 230
1242,7,CL 320
1243,7,CL 420
1244,7,CL 500
1245,7,CL 600
1246,7,CLA 35 AMG
1247,7,CLA 45 AMG
1248,7,CLA 45 AMG Shooting Brake
1249,7,CLA 180
1250,7,CLA 180 Shooting Brake
1251,7,CLA 200
1252,7,CLA 200 Shooting Brake
1253,7,CLA 220
1254,7,CLA 220 Shooting Brake
1255,7,CLA 250
1256,7,CLA 250 Shooting Brake
1257,7,CLA Shooting Brake
1258,7,CLC 160
1259,7,CLC 180
1260,7,CLC 200
1261,7,CLC 220
1262,7,CLC 230
1263,7,CLC 250
1264,7,CLC 350
1265,7,CLK 55 AMG
1266,7,CLK 63 AMG
1267,7,CLK 200
1268,7,CLK 220
1269,7,CLK 230
1270,7,CLK 240
1271,7,CLK 270
1272,7,CLK 280
1273,7,CLK 320
1274,7,CLK 350
1275,7,CLK 430
1276,7,CLK 500
1277,7,CLS 53 AMG
1278,7,CLS 55 AMG
1279,7,CLS 63 AMG
1280,7,CLS 63 AMG Shooting Brake
1281,7,CLS 220
1282,7,CLS 220 Shooting Brake
1283,7,CLS 250
1284,7,CLS 250 Shooting Brake
1285,7,CLS 280
1286,7,CLS 300
1287,7,CLS 320
1288,7,CLS 350
1289,7,CLS 350 Shooting Brake
1290,7,CLS 400
1291,7,CLS 400 Shooting Brake
1292,7,CLS 450
1293,7,CLS 500
1294,7,CLS 500 Shooting Brake
1295,7,CLS Shooting Brake
1296,7,E 36 AMG
1297,7,E 43 AMG
1298,7,E 50
1299,7,E 50 AMG
1300,7,E 53 AMG
1301,7,E 55
1302,7,E 55 AMG
1303,7,E 60 AMG
1304,7,E 63 AMG
1305,7,E 180
1306,7,E 200
1307,7,E 220
1308,7,E 230
1309,7,E 240
1310,7,E 250
1311,7,E 260
1312,7,E 270
1313,7,E 280
1314,7,E 290
1315,7,E 300
1316,7,E 320
1317,7,E 350
1318,7,E 400
1319,7,E 420
1320,7,E 430
1321,7,E 450
1322,7,E 500
1323,7,EQA
1324,7,EQB
1325,7,EQC
1326,7,EQE
1327,7,EQS
1328,7,EQV
1329,7,G 55 AMG
1330,7,G 63 AMG
1331,7,G 65 AMG
1332,7,G 230
1333,7,G 240
1334,7,G 250
1335,7,G 270
1336,7,G 280
1337,7,G 290
1338,7,G 300
1339,7,G 320
1340,7,G 350
1341,7,G 400
1342,7,G 500
1343,7,GL 55 AMG
1344,7,GL 63 AMG
1345,7,GL 320
1346,7,GL 350
1347,7,GL 400
1348,7,GL 420
1349,7,GL 450
1350,7,GL 500
1351,7,GLA 35 AMG
1352,7,GLA 45AMG
1353,7,GLA 160
1354,7,GLA 180
1355,7,GLA 200
1356,7,GLA 220
1357,7,GLA 250
1358,7,GLB 35 AMG
1359,7,GLB 180
1360,7,GLB 200
1361,7,GLB 220
1362,7,GLB 250
1363,7,GLC 43 AMG
1364,7,GLC 63 AMG
1365,7,GLC 200
1366,7,GLC 220
1367,7,GLC 250
1368,7,GLC 300
1369,7,GLC 350
1370,7,GLC 400
1371,7,GLC Coupe
1372,7,GLE 43 AMG
1373,7,GLE 53 AMG
1374,7,GLE 63AMG
1375,7,GLE 250
1376,7,GLE 300
1377,7,GLE 350
1378,7,GLE 400
1379,7,GLE 450
1380,7,GLE 450AMG
1381,7,GLE 500
1382,7,GLE 580
1383,7,GLE Coupe
1384,7,GLK 200
1385,7,GLK 220
1386,7,GLK 250
1387,7,GLK 280
1388,7,GLK 300
1389,7,GLK 320
1390,7,GLK 350
1391,7,GLS 63
1392,7,GLS 350
1393,7,GLS 400
1394,7,GLS 450
1395,7,GLS 500
1396,7,GLS 580
1397,7,GLS 600
1398,7,AMG GT
1399,7,AMG GT C
1400,7,AMG GT R
1401,7,AMG GT S
1402,7,Maybach
1403,7,MB 100
1404,7,ML 55 AMG
1405,7,ML 63 AMG
1406,7,ML 230
1407,7,ML 250
1408,7,ML 270
1409,7,ML 280
1410,7,ML 300
1411,7,ML 320
1412,7,ML 350
1413,7,ML 400
1414,7,ML 420
1415,7,ML 430
1416,7,ML 450
1417,7,ML 500
1418,7,Oldtimer
1419,7,Porter
1420,7,R 63 AMG
1421,7,R 280
1422,7,R 300
1423,7,R 320
1424,7,R 350
1425,7,R 500
1426,7,S 580
1427,7,S 55
1428,7,S 63 AMG
1429,7,S 65 AMG
1430,7,S 250
1431,7,S 260
1432,7,S 280
1433,7,S 300
1434,7,S 320
1435,7,S 350
1436,7,S 400
1437,7,S 420
1438,7,S 430
1439,7,S 450
1440,7,S 500
1441,7,S 550
1442,7,S 560
1443,7,S 600
1444,7,S 650
1445,7,S 680
1446,7,SL 55 AMG
1447,7,SL 60 AMG
1448,7,SL 63 AMG
1449,7,SL 65 AMG
1450,7,SL 70 AMG
1451,7,SL 73 AMG
1452,7,SL 230
1453,7,SL 250
1454,7,SL 280
1455,7,SL 300
1456,7,SL 320
1457,7,SL 350
1458,7,SL 380
1459,7,SL 400
1460,7,SL 420
1461,7,SL 450
1462,7,SL 500
1463,7,SL 560
1464,7,SL 600
1465,7,SLC 43 AMG
1466,7,SLC 180
1467,7,SLC 200
1468,7,SLC 250
1469,7,SLC 280
1470,7,SLC 300
1471,7,SLC 350
1472,7,SLC 450
1473,7,SLK 32 AMG
1474,7,SLK 55 AMG
1475,7,SLK 200
1476,7,SLK 230
1477,7,SLK 250
1478,7,SLK 280
1479,7,SLK 300
1480,7,SLK 320
1481,7,SLK 350
1482,7,SLR
1483,7,SLS AMG
1484,7,Sprinter
1485,7,V 200
1486,7,V 220
1487,7,V 230
1488,7,V 250
1489,7,V 280
1490,7,V 300
1491,7,Vaneo
1492,7,Vario
1493,7,Viano
1494,7,Vito
1495,7,X 220
1496,7,X 250
1497,7,X 350
1498,92,EHS
1499,92,Marvel R
1500,92,MG5
1501,92,MGA
1502,92,MGB
1503,92,MGF
1504,92,Midget
1505,92,Montego
1506,92,TD
1507,92,TF
1508,92,ZR
1509,92,ZS
1510,92,ZT
1511,93,DUÈ
1512,93,M-8
1513,93,M.Go
1514,93,MC1
1515,93,MC2
1516,93,Virgo
1517,94,1000
1518,94,1300
1519,94,Cabrio
1520,94,Clubman
1521,94,Clubvan
1522,94,Cooper
1523,94,Cooper D
1524,94,Cooper S
1525,94,Cooper SD
1526,94,Cooper SE
1527,94,Countryman
1528,94,Coupe
1529,94,John Cooper Works
1530,94,Moke
1531,94,ONE
1532,94,One Cabrio
1533,94,One Clubman
1534,94,One First
1535,94,Paceman
1536,94,Roadster
1537,95,3000 GT
1538,95,Asx
1539,95,Attrage
1540,95,Canter
1541,95,Carisma
1542,95,Colt
1543,95,Cordia
1544,95,Cosmos
1545,95,Diamante
1546,95,Eclipse
1547,95,Eclipse Cross
1548,95,Electric Vehicle (i-MiEV)
1549,95,Galant
1550,95,Galloper
1551,95,Grandis
1552,95,i-MiEV
1553,95,L200
1554,95,L300
1555,95,L400
1556,95,Lancer
1557,95,Mirage
1558,95,Montero
1559,95,Outlander
1560,95,Pajero
1561,95,Pajero Pinin
1562,95,Pick up
1563,95,Pick-up
1564,95,Plug-in Hybrid Outlander
1565,95,Santamo
1566,95,Sapporo
1567,95,Sigma
1568,95,Space Gear
1569,95,Space Runner
1570,95,Space Star
1571,95,Space Wagon
1572,95,Starion 
1573,95,Tredia
1574,96,500
1575,96,600
1576,96,720-750
1577,96,1200
1578,96,1500
1579,96,Cita
1580,96,Elettroveicoli
1581,96,Fiat 126 Minimaxi
1582,96,Fiat 127 Midimaxi
1583,96,Fiat 128
1584,96,Fiat 132
1585,96,Fiat 500 Coupe
1586,96,Fiat 600
1587,96,Fiat 850
1588,96,Fiat 1100
1589,96,Fiat 1200
1590,96,Fiat 1500
1591,96,Fiat 2200
1592,96,Fiat 2500 SS
1593,96,Fiat Panda Rock
1594,96,Fiat Uno Folk
1595,96,Formula Junior
1596,97,3 Wheeler
1597,97,4/4
1598,97,Aero 8
1599,97,Plus 4
1600,97,Plus 6
1601,97,Plus 8
1602,97,Roadster
1603,8,100 NX
1604,8,200 SX
1605,8,240 SX
1606,8,280 ZX
1607,8,300 ZX
1608,8,350Z
1609,8,370Z
1610,8,Almera
1611,8,Almera Tino
1612,8,Altima
1613,8,Armada
1614,8,Bluebird
1615,8,Cabstar
1616,8,Cargo
1617,8,Cherry
1618,8,Cube
1619,8,Datsun
1620,8,E-NV200
1621,8,Evalia
1622,8,Frontier
1623,8,GT-R
1624,8,Interstar
1625,8,Juke
1626,8,King Cab
1627,8,Kubistar
1628,8,Laurel
1629,8,Leaf
1630,8,Maxima
1631,8,Micra
1632,8,Murano
1633,8,Navara
1634,8,Note
1635,8,NP300
1636,8,NV250
1637,8,NV300
1638,8,NV 200
1639,8,NV 400
1640,8,Pathfinder
1641,8,Patrol
1642,8,PickUp
1643,8,Pixo
1644,8,Prairie
1645,8,Primastar
1646,8,Primera
1647,8,Pulsar
1648,8,Qashqai
1649,8,Qashqai+2
1650,8,Quest
1651,8,Sentra
1652,8,Serena
1653,8,Silvia
1654,8,Skyline
1655,8,Sunny
1656,8,Terrano
1657,8,Tiida
1658,8,Titan
1659,8,Trade
1660,8,Urvan
1661,8,Vanette
1662,8,X-Trail
1663,99,Bravada
1664,99,Custom Cruiser
1665,99,Cutlass
1666,99,Delta 88
1667,99,Silhouette
1668,99,Supreme
1669,99,Toronado
1670,100,98
1671,100,Bravada
1672,100,Custom Cruiser
1673,100,Cutlass
1674,100,Delta 88
1675,100,Silhouette
1676,100,Supreme
1677,100,Toronado
1678,9,Adam
1679,9,Agila
1680,9,Ampera
1681,9,Ampera-e
1682,9,Antara
1683,9,Arena
1684,9,Ascona
1685,9,Astra
1686,9,Calibra
1687,9,Campo
1688,9,Cascada
1689,9,Cavalier
1690,9,Combo
1691,9,Commodore
1692,9,Corsa
1693,9,Crossland
1694,9,Crossland X
1695,9,Diplomat
1696,9,Frontera
1697,9,Grandland X
1698,9,GT
1699,9,Insignia
1700,9,Insignia CT
1701,9,Kadett
1702,9,Karl
1703,9,Manta
1704,9,Meriva
1705,9,Mokka
1706,9,Mokka X
1707,9,Monterey
1708,9,Monza
1709,9,Movano
1710,9,Nova
1711,9,Omega
1712,9,Pick up Sportscap
1713,9,Rekord
1714,9,Senator
1715,9,Signum
1716,9,Sintra
1717,9,Speedster
1718,9,Tigra
1719,9,Vectra
1720,9,Vivaro
1721,9,Zafira
1722,9,Zafira Life
1723,9,Zafira Tourer
1724,10,104
1725,10,106
1726,10,107
1727,10,108
1728,10,201
1729,10,204
1730,10,205
1731,10,206
1732,10,207
1733,10,208
1734,10,301
1735,10,304
1736,10,305
1737,10,306
1738,10,307
1739,10,308
1740,10,309
1741,10,403
1742,10,404
1743,10,405
1744,10,406
1745,10,407
1746,10,504
1747,10,505
1748,10,508
1749,10,604
1750,10,605
1751,10,607
1752,10,806
1753,10,807
1754,10,1007
1755,10,2008
1756,10,3008
1757,10,4007
1758,10,4008
1759,10,5008
1760,10,Bipper
1761,10,Bipper Tepee
1762,10,Boxer
1763,10,Expert
1764,10,Expert Tepee
1765,10,iOn
1766,10,J5
1767,10,Partner
1768,10,Partner Tepee
1769,10,RCZ
1770,10,Rifter
1771,10,TePee
1772,10,Traveller
1773,103,APE TM
1774,103,Porter
1775,104,Prowler
1776,106,6000
1777,106,Bonneville
1778,106,Fiero
1779,106,Firebird
1780,106,G6
1781,106,Grand-Am
1782,106,Grand-Prix
1783,106,GTO
1784,106,Montana
1785,106,Solstice
1786,106,Sunbird
1787,106,Sunfire
1788,106,Targa
1789,106,Trans Am
1790,106,Trans Sport
1791,106,Vibe
1792,107,356
1793,107,911
1794,107,930
1795,107,964
1796,107,991
1797,107,992
1798,107,993
1799,107,996
1800,107,997
1801,107,912
1802,107,914
1803,107,918
1804,107,924
1805,107,928
1806,107,944
1807,107,959
1808,107,962
1809,107,968
1810,107,Boxster
1811,107,Carrera GT
1812,107,Cayenne
1813,107,Cayman
1814,107,Macan
1815,107,Panamera
1816,107,Taycan
1817,108,300 Serie
1818,108,400 Serie
1819,109,RCH 356
1820,109,RCH 550
1821,109,RCH 718
1822,109,RCH BUGGY
1823,109,RCH WIDE BODY
1824,11,Alaskan
1825,11,Alpine
1826,11,Alpine A110
1827,11,Alpine A310
1828,11,Alpine V6
1829,11,Arkana
1830,11,Avantime
1831,11,Captur
1832,11,Clio
1833,11,Coupe
1834,11,Espace
1835,11,Express
1836,11,Fluence
1837,11,Fuego
1838,11,Grand Espace
1839,11,Grand Modus
1840,11,Grand Scenic
1841,11,Kadjar
1842,11,Kangoo
1843,11,Koleos
1844,11,Laguna
1845,11,Latitude
1846,11,Mascott
1847,11,Master
1848,11,Megane
1849,11,Modus
1850,11,P 1400
1851,11,R 4
1852,11,R 5
1853,11,R 6
1854,11,R 9
1855,11,R 11
1856,11,R 14
1857,11,R 18
1858,11,R 19
1859,11,R 20
1860,11,R 21
1861,11,R 25
1862,11,R 30
1863,11,Rapid
1864,11,Safrane
1865,11,Scenic
1866,11,Spider
1867,11,Talisman
1868,11,Thalia
1869,11,Trafic
1870,11,Twingo
1871,11,Twizy
1872,11,Vel Satis
1873,11,Wind
1874,11,Zoe
1875,110,Corniche
1876,110,Dawn
1877,110,Flying Spur
1878,110,Park Ward
1879,110,Phantom
1880,110,Silver Cloud
1881,110,Silver Dawn
1882,110,Silver Seraph
1883,110,Silver Shadow
1884,110,Silver Spirit
1885,110,Silver Spur
1886,110,Wraith
1887,111,25
1888,111,45
1889,111,75
1890,111,100
1891,111,111
1892,111,114
1893,111,115
1894,111,200
1895,111,213
1896,111,214
1897,111,216
1898,111,218
1899,111,220
1900,111,400
1901,111,414
1902,111,416
1903,111,418
1904,111,420
1905,111,600
1906,111,618
1907,111,620
1908,111,623
1909,111,800
1910,111,820
1911,111,825
1912,111,827
1913,111,City Rover
1914,111,Metro
1915,111,Montego
1916,111,SD
1917,111,Streetwise
1918,112,9-3
1919,112,9-4X
1920,112,9-5
1921,112,9-7X
1922,112,90
1923,112,96
1924,112,99
1925,112,900
1926,112,9000
1927,114,Alhambra
1928,114,Altea
1929,114,Arona
1930,114,Arosa
1931,114,Ateca
1932,114,Cordoba
1933,114,Exeo
1934,114,Ibiza
1935,114,Inca
1936,114,Leon
1937,114,Malaga
1938,114,Marbella
1939,114,Mii
1940,114,Tarraco
1941,114,Terra
1942,114,Toledo
1943,116,105
1944,116,120
1945,116,130
1946,116,135
1947,116,Citigo
1948,116,Enyaq
1949,116,Fabia
1950,116,Favorit
1951,116,Felicia
1952,116,Forman
1953,116,Kamiq
1954,116,Karoq
1955,116,Kodiaq
1956,116,Octavia
1957,116,Pick up
1958,116,Praktik
1959,116,Rapid
1960,116,Roomster
1961,116,Scala
1962,116,Scout
1963,116,Superb
1964,116,Yeti
1965,12,Crossblade
1966,12,ForFour
1967,12,ForTwo
1968,12,Roadster
1969,117,GTR
1970,117,SPEEDCAR2
1971,117,TTX
1972,117,XTREM
1973,118,C8
1974,118,C8 AILERON
1975,118,C8 DOUBLE 12 S
1976,118,C8 LAVIOLETTE SWB
1977,118,C8 SPYDER SWB
1978,119,Actyon
1979,119,Chairman
1980,119,Family
1981,119,Korando
1982,119,Kyron
1983,119,MUSSO
1984,119,Rexton
1985,119,Rodius
1986,119,Tivoli
1987,119,XLV
1988,120,1200
1989,120,1800
1990,120,Ascent
1991,120,B9 Tribeca
1992,120,Baja
1993,120,BRZ
1994,120,Crosstrek
1995,120,E10
1996,120,E12
1997,120,Forester
1998,120,Impreza
1999,120,Justy
2000,120,Legacy
2001,120,Leone
2002,120,Levorg
2003,120,Libero
2004,120,M60
2005,120,M70
2006,120,M80
2007,120,Mini
2008,120,Outback
2009,120,SVX
2010,120,Trezia
2011,120,Tribeca
2012,120,Vanille
2013,120,Vivio
2014,120,WRX STI
2015,120,XT
2016,120,XV
2017,13,Alto
2018,13,Baleno
2019,13,Cappuccino
2020,13,Carry
2021,13,Celerio
2022,13,Crossover
2023,13,Grand Vitara
2024,13,Ignis
2025,13,iK-2
2026,13,Jimny
2027,13,Kizashi
2028,13,Liana
2029,13,LJ
2030,13,SJ
2031,13,SJ Samurai
2032,13,Splash
2033,13,Super-Carry
2034,13,Swace
2035,13,Swift
2036,13,SX4
2037,13,SX4 S-Cross
2038,13,Vitara
2039,13,Wagon R+
2040,13,X-90
2041,121,Chimaera
2042,121,Griffith
2043,121,Tuscan
2044,122,Horizon
2045,122,Samba
2046,123,Indica
2047,123,Indigo
2048,123,Nano
2049,123,Safari
2050,123,Sumo
2051,123,Telcoline
2052,123,Telcosport
2053,123,Xenon      
2054,126,Model 3
2055,126,Model S
2056,126,Model X
2057,126,Model Y
2058,126,Roadster
2059,14,4-Runner
2060,14,Alphard
2061,14,Auris
2062,14,Auris Touring Sports
2063,14,Avalon
2064,14,Avensis
2065,14,Avensis Verso
2066,14,Aygo
2067,14,C-HR
2068,14,Camry
2069,14,Carina
2070,14,Celica
2071,14,Corolla
2072,14,Corolla Verso
2073,14,Cressida
2074,14,Crown
2075,14,Dyna
2076,14,FCV
2077,14,FJ
2078,14,Fortuner
2079,14,GT86
2080,14,Hiace
2081,14,Highlander
2082,14,Hilux
2083,14,iQ
2084,14,Land Cruiser
2085,14,Lexus
2086,14,Lite-Ace
2087,14,Matrix
2088,14,Mirai
2089,14,MR 2
2090,14,Paseo
2091,14,Picnic
2092,14,Previa
2093,14,Prius
2094,14,Prius+
2095,14,Proace
2096,14,Proace (Verso)
2097,14,PROACE CITY
2098,14,RAV 4
2099,14,Sequoia
2100,14,Sienna
2101,14,Starlet
2102,14,Supra
2103,14,Tacoma
2104,14,Tercel
2105,14,Tundra
2106,14,Urban Cruiser
2107,14,Verso
2108,14,Verso-S
2109,14,Yaris
2110,14,Yaris Cross
2111,127,601
2112,128,Dolomite
2113,128,Moss
2114,128,Spitfire
2115,128,TR3
2116,128,TR4
2117,128,TR5
2118,128,TR6
2119,128,TR7
2120,128,TR8
2121,15,181
2122,15,Amarok
2123,15,Arteon
2124,15,Beetle
2125,15,Beetle (New)
2126,15,Bora
2127,15,Buggy
2128,15,Caddy
2129,15,CC
2130,15,Corrado
2131,15,Crafter
2132,15,Eos
2133,15,Fox
2134,15,Golf
2135,15,Golf Plus
2136,15,Golf Sportsvan
2137,15,ID.3
2138,15,ID.4
2139,15,ID.5
2140,15,Iltis
2141,15,Jetta
2142,15,Kaefer
2143,15,Kafer
2144,15,Karmann Ghia
2145,15,LT
2146,15,Lupo
2147,15,Passat
2148,15,Passat Alltrack
2149,15,Passat CC
2150,15,Passat Variant
2151,15,Phaeton
2152,15,Polo
2153,15,Routan
2154,15,Santana
2155,15,Scirocco
2156,15,Sharan
2157,15,T1
2158,15,T2
2159,15,T3
2160,15,T4
2161,15,T5
2162,15,T6
2163,15,T7 Multivan
2164,15,T-Cross
2165,15,T-Roc
2166,15,Taigo
2167,15,Taro
2168,15,Tiguan
2169,15,Touareg
2170,15,Touran
2171,15,Up
2172,15,Vento
2173,15,XL1
2174,15,Tiguan Allspace
2175,131,164
2176,131,240
2177,131,244
2178,131,245
2179,131,262
2180,131,264
2181,131,340
2182,131,360
2183,131,440
2184,131,460
2185,131,480
2186,131,740
2187,131,744
2188,131,745
2189,131,760
2190,131,780
2191,131,850
2192,131,855
2193,131,940
2194,131,944
2195,131,945
2196,131,960
2197,131,965
2198,131,Amazon
2199,131,C30
2200,131,C70
2201,131,Polar
2202,131,S40
2203,131,S60
2204,131,S60 Cross Country
2205,131,S70
2206,131,S80
2207,131,S90
2208,131,V40
2209,131,V40 Cross Country
2210,131,V50
2211,131,V60
2212,131,V60 Cross Country
2213,131,V70
2214,131,V90
2215,131,V90 Cross Country
2216,131,XC40
2217,131,XC 60
2218,131,XC 70
2219,131,XC 90
2220,132,311
2221,132,353
2222,134,MF 3
2223,134,MF 4
2224,134,MF 5
2225,134,MF 25
2226,134,MF 28
2227,134,MF 30
2228,134,MF 35
2229,136,D1
2230,136,D2
2231,136,D2s
2232,136,D3
